alpha_deg,CL_inc,CL,CDi_inviscid,CDi_corrected,CL_squared,e_inviscid,e_corrected
-2.0,-0.2557187842111266,-0.31964848026390824,0.009746746013606105,0.011484308092816812,0.10217515093502613,0.8556007549369878,0.7261493840135245
0.0,-0.12402848246720379,-0.15503560308400471,0.003256347873422896,0.003836860238645046,0.02403603822362105,0.602445288376663,0.5112960367698387
2.0,0.008395333822878392,0.010494167278597989,0.001539390115715164,0.001813818718496497,0.00011012754687119672,0.005838923588818797,0.004955501433183125
4.0,0.14106853610475906,0.1763356701309488,0.00466691515884539,0.005498890753118944,0.03109426856053079,0.5437959386386947,0.4615202635026028
6.0,0.2735038475958261,0.3418798094947826,0.012650965449302764,0.01490626560788158,0.11688180414018882,0.7540649544548496,0.6399758287075163
8.0,0.4052150046812682,0.5065187558515852,0.025444395102649533,0.029980392654766024,0.2565612500294378,0.8229708498097857,0.6984563445067015
10.0,0.5357209091507379,0.6696511364384223,0.042941337308975765,0.05059653210265509,0.44843264453327053,0.8523288232670365,0.7233724916920065
