alpha_deg,CL_inc,CL,CDi_inviscid,CDi_corrected,CL_squared,e_inviscid,e_corrected
-2.0,-0.240380575812189,-0.30047571976523624,0.010057597831664966,0.011850575772801157,0.09028565816843678,0.7326727223366608,0.6218202157236999
0.0,-0.11052182619877891,-0.13815228274847363,0.003164629893016876,0.003728791602901049,0.019086053228614206,0.4922420659925792,0.41776643012941284
2.0,0.018247802951441548,0.022809753689301934,0.0013721197353806463,0.0016167288815516724,0.0005202848633666232,0.030948150528127036,0.026265732367209443
4.0,0.14543666018182583,0.18179582522728227,0.0044544154726747325,0.005248508537125631,0.03304972207006856,0.6055675706707884,0.5139459214871126
6.0,0.27057209565081614,0.33821511956352013,0.012126498309560994,0.01428830119094235,0.11438946710136622,0.7699032386035407,0.6534177994070983
8.0,0.3932045176590202,0.49150564707377525,0.02404741137462813,0.02833436725194404,0.24157780110541052,0.8199251563808168,0.6958714608508861
10.0,0.5129111958636713,0.641138994829589,0.03982430830821356,0.04692382725028416,0.4110592106910958,0.8424452051337057,0.7149842531614413
